Workbook

Sheet Instructions
B2: Labour Efficiency Tracker
B3: PainKiller Consulting — Operations Toolkit
B5: WHAT THIS TRACKS
B6: Daily and weekly labour efficiency by shift, team, and task. Baseline data for
B7: identifying where hours are going and whether output is matching cost.
B9: HOW TO USE
B10: 1. Open the Daily Log sheet and enter the date, shift, team, and task type for each row.
B11: 2. Enter hours worked and units produced. The tracker will calculate units/hour automatically.
B12: 3. Set target units/hour per task type on the Targets sheet. Variance will compute automatically.
B13: 4. The Weekly Summary sheet aggregates the data across all shifts and teams for the week.
B14: 5. Use the variance column to identify which shifts, teams, or tasks are systematically underperforming.
B17: WHAT TO LOOK FOR
... B24: Copyright © PainKiller Consulting Ltd. For use within the licensee organisation.

Sheet Targets
B2: Targets by Task Type
B3: Set the expected units per hour for each task. Variance is calculated against these.
B5: Task Type | C5: Target units/hour | D5: Notes
B6: Picking — single line | C6: 65 | D6: Adjust per typical SKU velocity
B7: Picking — multi-line batch | C7: 95 | D7: Higher target due to batching
B8: Goods-in receipt | C8: 25 | D8: Per pallet, including check
B9: Putaway | C9: 40 | D9: Per pallet to designated location
B10: Despatch loading | C10: 12 | D10: Per pallet onto trailer
B11: Replenishment | C11: 35 | D11: Per pick face replenished

Sheet Daily Log
B2: Daily Labour Log
B3: One row per shift/team/task combination. Variance and £ cost calculate automatically.
B5: Date | C5: Shift | D5: Team | E5: Task Type | F5: Headcount | G5: Hours/Person | H5: Total Hours | I5: Units Produced | J5: Units/Hour | K5: Target | L5: Variance % | M5: Avg £/Hour | N5: Labour Cost £
B6: 2025-05-19 | C6: Day | D6: A | E6: Picking — single line | F6: 8 | G6: 7.5 | H6: =F6*G6 -> 60 | I6: 3720 | J6: =IFERROR(I6/H6,0) -> 62 | K6: =IFERROR(VLOOKUP(E6,Targets!B6:C11,2,FALSE()),"set target") -> 65 | L6: =IFERROR((J6-K6)/K6,0) -> -0.046153846 | M6: 14.5 | N6: =H6*M6 -> 870
B7: 2025-05-19 | C7: Day | D7: B | E7: Picking — single line | F7: 7 | G7: 7.5 | H7: =F7*G7 -> 52.5 | I7: 3100 | J7: =IFERROR(I7/H7,0) -> 59.047619 | K7: =IFERROR(VLOOKUP(E7,Targets!B6:C11,2,FALSE()),"set target") -> 65 | L7: =IFERROR((J7-K7)/K7,0) -> -0.091575092 | M7: 14.5 | N7: =H7*M7 -> 761.25
B8: 2025-05-19 | C8: Day | D8: A | E8: Putaway | F8: 3 | G8: 7.5 | H8: =F8*G8 -> 22.5 | I8: 850 | J8: =IFERROR(I8/H8,0) -> 37.777778 | K8: =IFERROR(VLOOKUP(E8,Targets!B6:C11,2,FALSE()),"set target") -> 40 | L8: =IFERROR((J8-K8)/K8,0) -> -0.055555556 | M8: 14.5 | N8: =H8*M8 -> 326.25
B9: 2025-05-19 | C9: Late | D9: C | E9: Picking — single line | F9: 8 | G9: 7.5 | H9: =F9*G9 -> 60 | I9: 3450 | J9: =IFERROR(I9/H9,0) -> 57.5 | K9: =IFERROR(VLOOKUP(E9,Targets!B6:C11,2,FALSE()),"set target") -> 65 | L9: =IFERROR((J9-K9)/K9,0) -> -0.11538462 | M9: 14.5 | N9: =H9*M9 -> 870
B10: 2025-05-19 | C10: Late | D10: C | E10: Despatch loading | F10: 4 | G10: 7.5 | H10: =F10*G10 -> 30 | I10: 320 | J10: =IFERROR(I10/H10,0) -> 10.666667 | K10: =IFERROR(VLOOKUP(E10,Targets!B6:C11,2,FALSE()),"set target") -> 12 | L10: =IFERROR((J10-K10)/K10,0) -> -0.11111111 | M10: 14.5 | N10: =H10*M10 -> 435
H11: =IFERROR(F11*G11,0) -> 0 | J11: =IFERROR(I11/H11,0) -> 0 | K11: =IFERROR(VLOOKUP(E11,Targets!B6:C11,2,FALSE()),"") | L11: =IFERROR((J11-K11)/K11,0) -> 0 | N11: =IFERROR(H11*M11,0) -> 0
H12: =IFERROR(F12*G12,0) -> 0 | J12: =IFERROR(I12/H12,0) -> 0 | K12: =IFERROR(VLOOKUP(E12,Targets!B6:C11,2,FALSE()),"") | L12: =IFERROR((J12-K12)/K12,0) -> 0 | N12: =IFERROR(H12*M12,0) -> 0
H13: =IFERROR(F13*G13,0) -> 0 | J13: =IFERROR(I13/H13,0) -> 0 | K13: =IFERROR(VLOOKUP(E13,Targets!B6:C11,2,FALSE()),"") | L13: =IFERROR((J13-K13)/K13,0) -> 0 | N13: =IFERROR(H13*M13,0) -> 0
H14: =IFERROR(F14*G14,0) -> 0 | J14: =IFERROR(I14/H14,0) -> 0 | K14: =IFERROR(VLOOKUP(E14,Targets!B6:C11,2,FALSE()),"") | L14: =IFERROR((J14-K14)/K14,0) -> 0 | N14: =IFERROR(H14*M14,0) -> 0
H15: =IFERROR(F15*G15,0) -> 0 | J15: =IFERROR(I15/H15,0) -> 0 | K15: =IFERROR(VLOOKUP(E15,Targets!B6:C11,2,FALSE()),"") | L15: =IFERROR((J15-K15)/K15,0) -> 0 | N15: =IFERROR(H15*M15,0) -> 0
H16: =IFERROR(F16*G16,0) -> 0 | J16: =IFERROR(I16/H16,0) -> 0 | K16: =IFERROR(VLOOKUP(E16,Targets!B6:C11,2,FALSE()),"") | L16: =IFERROR((J16-K16)/K16,0) -> 0 | N16: =IFERROR(H16*M16,0) -> 0
H17: =IFERROR(F17*G17,0) -> 0 | J17: =IFERROR(I17/H17,0) -> 0 | K17: =IFERROR(VLOOKUP(E17,Targets!B6:C11,2,FALSE()),"") | L17: =IFERROR((J17-K17)/K17,0) -> 0 | N17: =IFERROR(H17*M17,0) -> 0
H18: =IFERROR(F18*G18,0) -> 0 | J18: =IFERROR(I18/H18,0) -> 0 | K18: =IFERROR(VLOOKUP(E18,Targets!B6:C11,2,FALSE()),"") | L18: =IFERROR((J18-K18)/K18,0) -> 0 | N18: =IFERROR(H18*M18,0) -> 0
H19: =IFERROR(F19*G19,0) -> 0 | J19: =IFERROR(I19/H19,0) -> 0 | K19: =IFERROR(VLOOKUP(E19,Targets!B6:C11,2,FALSE()),"") | L19: =IFERROR((J19-K19)/K19,0) -> 0 | N19: =IFERROR(H19*M19,0) -> 0
H20: =IFERROR(F20*G20,0) -> 0 | J20: =IFERROR(I20/H20,0) -> 0 | K20: =IFERROR(VLOOKUP(E20,Targets!B6:C11,2,FALSE()),"") | L20: =IFERROR((J20-K20)/K20,0) -> 0 | N20: =IFERROR(H20*M20,0) -> 0
H21: =IFERROR(F21*G21,0) -> 0 | J21: =IFERROR(I21/H21,0) -> 0 | K21: =IFERROR(VLOOKUP(E21,Targets!B6:C11,2,FALSE()),"") | L21: =IFERROR((J21-K21)/K21,0) -> 0 | N21: =IFERROR(H21*M21,0) -> 0
H22: =IFERROR(F22*G22,0) -> 0 | J22: =IFERROR(I22/H22,0) -> 0 | K22: =IFERROR(VLOOKUP(E22,Targets!B6:C11,2,FALSE()),"") | L22: =IFERROR((J22-K22)/K22,0) -> 0 | N22: =IFERROR(H22*M22,0) -> 0
H23: =IFERROR(F23*G23,0) -> 0 | J23: =IFERROR(I23/H23,0) -> 0 | K23: =IFERROR(VLOOKUP(E23,Targets!B6:C11,2,FALSE()),"") | L23: =IFERROR((J23-K23)/K23,0) -> 0 | N23: =IFERROR(H23*M23,0) -> 0
H24: =IFERROR(F24*G24,0) -> 0 | J24: =IFERROR(I24/H24,0) -> 0 | K24: =IFERROR(VLOOKUP(E24,Targets!B6:C11,2,FALSE()),"") | L24: =IFERROR((J24-K24)/K24,0) -> 0 | N24: =IFERROR(H24*M24,0) -> 0
H25: =IFERROR(F25*G25,0) -> 0 | J25: =IFERROR(I25/H25,0) -> 0 | K25: =IFERROR(VLOOKUP(E25,Targets!B6:C11,2,FALSE()),"") | L25: =IFERROR((J25-K25)/K25,0) -> 0 | N25: =IFERROR(H25*M25,0) -> 0
H26: =IFERROR(F26*G26,0) -> 0 | J26: =IFERROR(I26/H26,0) -> 0 | K26: =IFERROR(VLOOKUP(E26,Targets!B6:C11,2,FALSE()),"") | L26: =IFERROR((J26-K26)/K26,0) -> 0 | N26: =IFERROR(H26*M26,0) -> 0
H27: =IFERROR(F27*G27,0) -> 0 | J27: =IFERROR(I27/H27,0) -> 0 | K27: =IFERROR(VLOOKUP(E27,Targets!B6:C11,2,FALSE()),"") | L27: =IFERROR((J27-K27)/K27,0) -> 0 | N27: =IFERROR(H27*M27,0) -> 0
H28: =IFERROR(F28*G28,0) -> 0 | J28: =IFERROR(I28/H28,0) -> 0 | K28: =IFERROR(VLOOKUP(E28,Targets!B6:C11,2,FALSE()),"") | L28: =IFERROR((J28-K28)/K28,0) -> 0 | N28: =IFERROR(H28*M28,0) -> 0
H29: =IFERROR(F29*G29,0) -> 0 | J29: =IFERROR(I29/H29,0) -> 0 | K29: =IFERROR(VLOOKUP(E29,Targets!B6:C11,2,FALSE()),"") | L29: =IFERROR((J29-K29)/K29,0) -> 0 | N29: =IFERROR(H29*M29,0) -> 0
H30: =IFERROR(F30*G30,0) -> 0 | J30: =IFERROR(I30/H30,0) -> 0 | K30: =IFERROR(VLOOKUP(E30,Targets!B6:C11,2,FALSE()),"") | L30: =IFERROR((J30-K30)/K30,0) -> 0 | N30: =IFERROR(H30*M30,0) -> 0

Sheet Weekly Summary
B2: Weekly Summary
B3: Aggregated view of the Daily Log. Updates automatically when log entries change.
B5: Performance by Shift
B6: Shift | C6: Total Hours | D6: Units Produced | E6: Avg Units/Hour | F6: Avg Variance % | G6: Labour Cost £
B7: Day | C7: =SUMIF('Daily Log'!C:C,B7,'Daily Log'!H:H) -> 135 | D7: =SUMIF('Daily Log'!C:C,B7,'Daily Log'!I:I) -> 7670 | E7: =IFERROR(D7/C7,0) -> 56.814815 | F7: =IFERROR(AVERAGEIF('Daily Log'!C:C,B7,'Daily Log'!L:L),0) -> -0.064428164 | G7: =SUMIF('Daily Log'!C:C,B7,'Daily Log'!N:N) -> 1957.5
B8: Late | C8: =SUMIF('Daily Log'!C:C,B8,'Daily Log'!H:H) -> 90 | D8: =SUMIF('Daily Log'!C:C,B8,'Daily Log'!I:I) -> 3770 | E8: =IFERROR(D8/C8,0) -> 41.888889 | F8: =IFERROR(AVERAGEIF('Daily Log'!C:C,B8,'Daily Log'!L:L),0) -> -0.11324786 | G8: =SUMIF('Daily Log'!C:C,B8,'Daily Log'!N:N) -> 1305
B9: Night | C9: =SUMIF('Daily Log'!C:C,B9,'Daily Log'!H:H) -> 0 | D9: =SUMIF('Daily Log'!C:C,B9,'Daily Log'!I:I) -> 0 | E9: =IFERROR(D9/C9,0) -> 0 | F9: =IFERROR(AVERAGEIF('Daily Log'!C:C,B9,'Daily Log'!L:L),0) -> 0 | G9: =SUMIF('Daily Log'!C:C,B9,'Daily Log'!N:N) -> 0
B12: Performance by Task Type
B13: Task Type | C13: Total Hours | D13: Units Produced | E13: Avg Units/Hour | F13: Avg Variance %
B14: Picking — single line | C14: =SUMIF('Daily Log'!E:E,B14,'Daily Log'!H:H) -> 172.5 | D14: =SUMIF('Daily Log'!E:E,B14,'Daily Log'!I:I) -> 10270 | E14: =IFERROR(D14/C14,0) -> 59.536232 | F14: =IFERROR(AVERAGEIF('Daily Log'!E:E,B14,'Daily Log'!L:L),0) -> -0.084371184
B15: Picking — multi-line batch | C15: =SUMIF('Daily Log'!E:E,B15,'Daily Log'!H:H) -> 0 | D15: =SUMIF('Daily Log'!E:E,B15,'Daily Log'!I:I) -> 0 | E15: =IFERROR(D15/C15,0) -> 0 | F15: =IFERROR(AVERAGEIF('Daily Log'!E:E,B15,'Daily Log'!L:L),0) -> 0
B16: Goods-in receipt | C16: =SUMIF('Daily Log'!E:E,B16,'Daily Log'!H:H) -> 0 | D16: =SUMIF('Daily Log'!E:E,B16,'Daily Log'!I:I) -> 0 | E16: =IFERROR(D16/C16,0) -> 0 | F16: =IFERROR(AVERAGEIF('Daily Log'!E:E,B16,'Daily Log'!L:L),0) -> 0
B17: Putaway | C17: =SUMIF('Daily Log'!E:E,B17,'Daily Log'!H:H) -> 22.5 | D17: =SUMIF('Daily Log'!E:E,B17,'Daily Log'!I:I) -> 850 | E17: =IFERROR(D17/C17,0) -> 37.777778 | F17: =IFERROR(AVERAGEIF('Daily Log'!E:E,B17,'Daily Log'!L:L),0) -> -0.055555556
B18: Despatch loading | C18: =SUMIF('Daily Log'!E:E,B18,'Daily Log'!H:H) -> 30 | D18: =SUMIF('Daily Log'!E:E,B18,'Daily Log'!I:I) -> 320 | E18: =IFERROR(D18/C18,0) -> 10.666667 | F18: =IFERROR(AVERAGEIF('Daily Log'!E:E,B18,'Daily Log'!L:L),0) -> -0.11111111
B19: Replenishment | C19: =SUMIF('Daily Log'!E:E,B19,'Daily Log'!H:H) -> 0 | D19: =SUMIF('Daily Log'!E:E,B19,'Daily Log'!I:I) -> 0 | E19: =IFERROR(D19/C19,0) -> 0 | F19: =IFERROR(AVERAGEIF('Daily Log'!E:E,B19,'Daily Log'!L:L),0) -> 0
