Workbook

Sheet Instructions
B2: Slotting Optimisation Matrix
B3: PainKiller Consulting — Operations Toolkit
B5: WHAT THIS DOES
B6: Maps product velocity (how often a SKU is picked) against current storage location accessibility.
B7: Identifies mismatches — high-velocity items stored in low-accessibility locations, or vice versa.
B8: This mismatch is the single biggest driver of wasted pick travel time in most warehouses.
B10: HOW TO USE
B11: 1. Enter your SKUs into the SKU Data sheet with their current location and pick frequency (last 30 days).
B12: 2. Assign each location a tier (A/B/C) on the Location Tiers sheet based on accessibility from the pick start point.
B13: 3. The Mismatch Report sheet will flag SKUs that should be reslotted, ordered by impact.
B14: 4. Use Action Priority column to triage: HIGH = reslot first; MEDIUM = batch with next reslotting cycle; LOW = ignore for now.
B17: THE PRINCIPLE
... B23: Copyright © PainKiller Consulting Ltd. For use within the licensee organisation.

Sheet Location Tiers
B2: Location Tier Definitions
B3: Define which locations qualify as Tier A (closest), B (mid), and C (furthest).
B5: Tier | C5: Definition | D5: Typical example | E5: Target SKU velocity
B6: A | C6: Highest accessibility. Within 10m of pick start, golden zone height (knee–shoulder). | D6: Aisle 1 & 2, ground & mid levels | E6: Top 20% by pick frequency
B7: B | C7: Mid accessibility. 10–30m from pick start, or A-zone but at floor or top level. | D7: Aisles 3–5, all levels in 1 & 2 top | E7: Middle 50–60% by frequency
B8: C | C8: Lowest accessibility. >30m from pick start, mezzanine, or high-level requiring MHE. | D8: Aisles 6+, mezzanines, top racking | E8: Bottom 20–30% (slow movers)

Sheet SKU Data
B2: SKU Master Data | G2: Total picks: | H2: =SUM(F6:F41) -> 2348
B3: One row per SKU. Pick frequency = number of pick lines (or units) over the period.
B5: SKU Code | C5: Description | D5: Current Location | E5: Current Tier | F5: Picks (30 days) | G5: % of Total Picks | H5: Velocity Class | I5: Recommended Tier | J5: Match? | K5: Action Priority
B6: SKU-0001 | C6: Fast mover example | D6: C-12-04 | E6: C | F6: 850 | G6: =IFERROR(F6/$H$2,0) -> 0.36201022 | H6: =IF(G6>=0.005,"Fast",IF(G6>=0.001,"Mid","Slow")) -> Fast | I6: =IF(H6="Fast","A",IF(H6="Mid","B","C")) -> A | J6: =IF(E6=I6,"✓","✗") -> ✗ | K6: =IF(AND(H6="Fast",E6="C"),"HIGH",IF(OR(AND(H6="Fast",E6="B"),AND(H6="Mid",E6="C")),"MEDIUM","LOW")) -> HIGH
B7: SKU-0002 | C7: Mid mover example | D7: A-02-03 | E7: A | F7: 220 | G7: =IFERROR(F7/$H$2,0) -> 0.093696763 | H7: =IF(G7>=0.005,"Fast",IF(G7>=0.001,"Mid","Slow")) -> Fast | I7: =IF(H7="Fast","A",IF(H7="Mid","B","C")) -> A | J7: =IF(E7=I7,"✓","✗") -> ✓ | K7: =IF(AND(H7="Fast",E7="C"),"HIGH",IF(OR(AND(H7="Fast",E7="B"),AND(H7="Mid",E7="C")),"MEDIUM","LOW")) -> LOW
B8: SKU-0003 | C8: Slow mover example | D8: A-01-02 | E8: A | F8: 18 | G8: =IFERROR(F8/$H$2,0) -> 0.0076660988 | H8: =IF(G8>=0.005,"Fast",IF(G8>=0.001,"Mid","Slow")) -> Fast | I8: =IF(H8="Fast","A",IF(H8="Mid","B","C")) -> A | J8: =IF(E8=I8,"✓","✗") -> ✓ | K8: =IF(AND(H8="Fast",E8="C"),"HIGH",IF(OR(AND(H8="Fast",E8="B"),AND(H8="Mid",E8="C")),"MEDIUM","LOW")) -> LOW
B9: SKU-0004 | C9: Fast mover example | D9: A-01-01 | E9: A | F9: 920 | G9: =IFERROR(F9/$H$2,0) -> 0.39182283 | H9: =IF(G9>=0.005,"Fast",IF(G9>=0.001,"Mid","Slow")) -> Fast | I9: =IF(H9="Fast","A",IF(H9="Mid","B","C")) -> A | J9: =IF(E9=I9,"✓","✗") -> ✓ | K9: =IF(AND(H9="Fast",E9="C"),"HIGH",IF(OR(AND(H9="Fast",E9="B"),AND(H9="Mid",E9="C")),"MEDIUM","LOW")) -> LOW
B10: SKU-0005 | C10: Mid mover example | D10: B-04-05 | E10: B | F10: 340 | G10: =IFERROR(F10/$H$2,0) -> 0.14480409 | H10: =IF(G10>=0.005,"Fast",IF(G10>=0.001,"Mid","Slow")) -> Fast | I10: =IF(H10="Fast","A",IF(H10="Mid","B","C")) -> A | J10: =IF(E10=I10,"✓","✗") -> ✗ | K10: =IF(AND(H10="Fast",E10="C"),"HIGH",IF(OR(AND(H10="Fast",E10="B"),AND(H10="Mid",E10="C")),"MEDIUM","LOW")) -> MEDIUM
G11: =IFERROR(F11/$H$2,0) -> 0 | H11: =IF(F11="","",IF(G11>=0.005,"Fast",IF(G11>=0.001,"Mid","Slow"))) | I11: =IF(H11="","",IF(H11="Fast","A",IF(H11="Mid","B","C"))) | J11: =IF(OR(E11="",I11=""),"",IF(E11=I11,"✓","✗")) | K11: =IF(H11="","",IF(AND(H11="Fast",E11="C"),"HIGH",IF(OR(AND(H11="Fast",E11="B"),AND(H11="Mid",E11="C")),"MEDIUM","LOW")))
G12: =IFERROR(F12/$H$2,0) -> 0 | H12: =IF(F12="","",IF(G12>=0.005,"Fast",IF(G12>=0.001,"Mid","Slow"))) | I12: =IF(H12="","",IF(H12="Fast","A",IF(H12="Mid","B","C"))) | J12: =IF(OR(E12="",I12=""),"",IF(E12=I12,"✓","✗")) | K12: =IF(H12="","",IF(AND(H12="Fast",E12="C"),"HIGH",IF(OR(AND(H12="Fast",E12="B"),AND(H12="Mid",E12="C")),"MEDIUM","LOW")))
G13: =IFERROR(F13/$H$2,0) -> 0 | H13: =IF(F13="","",IF(G13>=0.005,"Fast",IF(G13>=0.001,"Mid","Slow"))) | I13: =IF(H13="","",IF(H13="Fast","A",IF(H13="Mid","B","C"))) | J13: =IF(OR(E13="",I13=""),"",IF(E13=I13,"✓","✗")) | K13: =IF(H13="","",IF(AND(H13="Fast",E13="C"),"HIGH",IF(OR(AND(H13="Fast",E13="B"),AND(H13="Mid",E13="C")),"MEDIUM","LOW")))
G14: =IFERROR(F14/$H$2,0) -> 0 | H14: =IF(F14="","",IF(G14>=0.005,"Fast",IF(G14>=0.001,"Mid","Slow"))) | I14: =IF(H14="","",IF(H14="Fast","A",IF(H14="Mid","B","C"))) | J14: =IF(OR(E14="",I14=""),"",IF(E14=I14,"✓","✗")) | K14: =IF(H14="","",IF(AND(H14="Fast",E14="C"),"HIGH",IF(OR(AND(H14="Fast",E14="B"),AND(H14="Mid",E14="C")),"MEDIUM","LOW")))
G15: =IFERROR(F15/$H$2,0) -> 0 | H15: =IF(F15="","",IF(G15>=0.005,"Fast",IF(G15>=0.001,"Mid","Slow"))) | I15: =IF(H15="","",IF(H15="Fast","A",IF(H15="Mid","B","C"))) | J15: =IF(OR(E15="",I15=""),"",IF(E15=I15,"✓","✗")) | K15: =IF(H15="","",IF(AND(H15="Fast",E15="C"),"HIGH",IF(OR(AND(H15="Fast",E15="B"),AND(H15="Mid",E15="C")),"MEDIUM","LOW")))
G16: =IFERROR(F16/$H$2,0) -> 0 | H16: =IF(F16="","",IF(G16>=0.005,"Fast",IF(G16>=0.001,"Mid","Slow"))) | I16: =IF(H16="","",IF(H16="Fast","A",IF(H16="Mid","B","C"))) | J16: =IF(OR(E16="",I16=""),"",IF(E16=I16,"✓","✗")) | K16: =IF(H16="","",IF(AND(H16="Fast",E16="C"),"HIGH",IF(OR(AND(H16="Fast",E16="B"),AND(H16="Mid",E16="C")),"MEDIUM","LOW")))
G17: =IFERROR(F17/$H$2,0) -> 0 | H17: =IF(F17="","",IF(G17>=0.005,"Fast",IF(G17>=0.001,"Mid","Slow"))) | I17: =IF(H17="","",IF(H17="Fast","A",IF(H17="Mid","B","C"))) | J17: =IF(OR(E17="",I17=""),"",IF(E17=I17,"✓","✗")) | K17: =IF(H17="","",IF(AND(H17="Fast",E17="C"),"HIGH",IF(OR(AND(H17="Fast",E17="B"),AND(H17="Mid",E17="C")),"MEDIUM","LOW")))
G18: =IFERROR(F18/$H$2,0) -> 0 | H18: =IF(F18="","",IF(G18>=0.005,"Fast",IF(G18>=0.001,"Mid","Slow"))) | I18: =IF(H18="","",IF(H18="Fast","A",IF(H18="Mid","B","C"))) | J18: =IF(OR(E18="",I18=""),"",IF(E18=I18,"✓","✗")) | K18: =IF(H18="","",IF(AND(H18="Fast",E18="C"),"HIGH",IF(OR(AND(H18="Fast",E18="B"),AND(H18="Mid",E18="C")),"MEDIUM","LOW")))
G19: =IFERROR(F19/$H$2,0) -> 0 | H19: =IF(F19="","",IF(G19>=0.005,"Fast",IF(G19>=0.001,"Mid","Slow"))) | I19: =IF(H19="","",IF(H19="Fast","A",IF(H19="Mid","B","C"))) | J19: =IF(OR(E19="",I19=""),"",IF(E19=I19,"✓","✗")) | K19: =IF(H19="","",IF(AND(H19="Fast",E19="C"),"HIGH",IF(OR(AND(H19="Fast",E19="B"),AND(H19="Mid",E19="C")),"MEDIUM","LOW")))
G20: =IFERROR(F20/$H$2,0) -> 0 | H20: =IF(F20="","",IF(G20>=0.005,"Fast",IF(G20>=0.001,"Mid","Slow"))) | I20: =IF(H20="","",IF(H20="Fast","A",IF(H20="Mid","B","C"))) | J20: =IF(OR(E20="",I20=""),"",IF(E20=I20,"✓","✗")) | K20: =IF(H20="","",IF(AND(H20="Fast",E20="C"),"HIGH",IF(OR(AND(H20="Fast",E20="B"),AND(H20="Mid",E20="C")),"MEDIUM","LOW")))
G21: =IFERROR(F21/$H$2,0) -> 0 | H21: =IF(F21="","",IF(G21>=0.005,"Fast",IF(G21>=0.001,"Mid","Slow"))) | I21: =IF(H21="","",IF(H21="Fast","A",IF(H21="Mid","B","C"))) | J21: =IF(OR(E21="",I21=""),"",IF(E21=I21,"✓","✗")) | K21: =IF(H21="","",IF(AND(H21="Fast",E21="C"),"HIGH",IF(OR(AND(H21="Fast",E21="B"),AND(H21="Mid",E21="C")),"MEDIUM","LOW")))
G22: =IFERROR(F22/$H$2,0) -> 0 | H22: =IF(F22="","",IF(G22>=0.005,"Fast",IF(G22>=0.001,"Mid","Slow"))) | I22: =IF(H22="","",IF(H22="Fast","A",IF(H22="Mid","B","C"))) | J22: =IF(OR(E22="",I22=""),"",IF(E22=I22,"✓","✗")) | K22: =IF(H22="","",IF(AND(H22="Fast",E22="C"),"HIGH",IF(OR(AND(H22="Fast",E22="B"),AND(H22="Mid",E22="C")),"MEDIUM","LOW")))
... G40: =IFERROR(F40/$H$2,0) -> 0 | H40: =IF(F40="","",IF(G40>=0.005,"Fast",IF(G40>=0.001,"Mid","Slow"))) | I40: =IF(H40="","",IF(H40="Fast","A",IF(H40="Mid","B","C"))) | J40: =IF(OR(E40="",I40=""),"",IF(E40=I40,"✓","✗")) | K40: =IF(H40="","",IF(AND(H40="Fast",E40="C"),"HIGH",IF(OR(AND(H40="Fast",E40="B"),AND(H40="Mid",E40="C")),"MEDIUM","LOW")))

Sheet Mismatch Report
B2: Mismatch Summary
B3: Counts of SKUs flagged for reslotting, by priority.
B5: By Priority
B6: Priority | C6: SKU Count | D6: % of Picks Affected | E6: Recommended Action
B7: HIGH | C7: =COUNTIF('SKU Data'!K:K,B7) -> 1 | D7: =IFERROR(SUMIF('SKU Data'!K:K,B7,'SKU Data'!G:G),0) -> 0.36201022 | E7: Reslot in next available window. Each one is costing the operation pick time daily.
B8: MEDIUM | C8: =COUNTIF('SKU Data'!K:K,B8) -> 1 | D8: =IFERROR(SUMIF('SKU Data'!K:K,B8,'SKU Data'!G:G),0) -> 0.14480409 | E8: Include in next planned slotting review. Not urgent but should not be left indefinitely.
B9: LOW | C9: =COUNTIF('SKU Data'!K:K,B9) -> 3 | D9: =IFERROR(SUMIF('SKU Data'!K:K,B9,'SKU Data'!G:G),0) -> 0.49318569 | E9: Monitor. May correct itself as velocity changes. Do not consume time reslotting these.
B12: By Velocity Class
B13: Velocity | C13: Total SKUs | D13: Total Picks | E13: Avg Picks/SKU
B14: Fast | C14: =COUNTIF('SKU Data'!H:H,B14) -> 5 | D14: =SUMIF('SKU Data'!H:H,B14,'SKU Data'!F:F) -> 2348 | E14: =IFERROR(D14/C14,0) -> 469.6
B15: Mid | C15: =COUNTIF('SKU Data'!H:H,B15) -> 0 | D15: =SUMIF('SKU Data'!H:H,B15,'SKU Data'!F:F) -> 0 | E15: =IFERROR(D15/C15,0) -> 0
B16: Slow | C16: =COUNTIF('SKU Data'!H:H,B16) -> 0 | D16: =SUMIF('SKU Data'!H:H,B16,'SKU Data'!F:F) -> 0 | E16: =IFERROR(D16/C16,0) -> 0
