Workbook

Sheet Instructions
B2: Operational KPI Dashboard
B3: PainKiller Consulting — Operations Toolkit
B5: WHAT THIS TRACKS
B6: Five core operational KPIs that together give a complete view of warehouse performance:
B7: • Pick rate (units per hour)
B8: • Goods-in throughput (pallets per hour)
B9: • Labour cost per unit
B10: • Order accuracy (%)
B11: • Overtime as % of total hours
B12: Tracked weekly with trend indicators against target and against the previous week.
B14: HOW TO USE
B15: 1. Set your targets for each KPI on the Targets sheet. These should reflect what 'good' looks like for your operation.
... B27: Copyright © PainKiller Consulting Ltd. For use within the licensee organisation.

Sheet Targets
B2: KPI Targets
B3: Set what 'good' looks like for your operation. These drive the variance calculations on the Dashboard.
B5: KPI | C5: Target | D5: Unit | E5: Notes
B6: Pick Rate | C6: 65 | D6: units/hour | E6: Avg across all pickers and task types
B7: Goods-In Throughput | C7: 12 | D7: pallets/hour | E7: Pallets received, checked, and putaway-ready per hour
B8: Labour Cost per Unit | C8: 0.42 | D8: £/unit | E8: Total labour cost ÷ units shipped
B9: Order Accuracy | C9: 0.995 | D9: % (decimal) | E9: 1 - (errors / total orders)
B10: Overtime % | C10: 0.05 | D10: % (decimal) | E10: Overtime hours ÷ total hours worked

Sheet Weekly Data
B2: Weekly Data Entry
B3: One row per week. Most recent at the bottom.
B5: Week Starting | C5: Pick Rate (u/hr) | D5: Goods-In (pallets/hr) | E5: Labour £/unit | F5: Accuracy % | G5: Overtime % | H5: Notes
B6: 2025-02-24 | C6: 58 | D6: 10.5 | E6: 0.46 | F6: 0.992 | G6: 0.08
B7: 2025-03-03 | C7: 60 | D7: 11 | E7: 0.45 | F7: 0.991 | G7: 0.075
B8: 2025-03-10 | C8: 61 | D8: 11.2 | E8: 0.44 | F8: 0.993 | G8: 0.07
B9: 2025-03-17 | C9: 59 | D9: 10.8 | E9: 0.45 | F9: 0.99 | G9: 0.082
B10: 2025-03-24 | C10: 62 | D10: 11.5 | E10: 0.43 | F10: 0.994 | G10: 0.065
B11: 2025-03-31 | C11: 63 | D11: 11.7 | E11: 0.43 | F11: 0.995 | G11: 0.062
B12: 2025-04-07 | C12: 64 | D12: 11.8 | E12: 0.42 | F12: 0.995 | G12: 0.058
B13: 2025-04-14 | C13: 62 | D13: 11.4 | E13: 0.43 | F13: 0.993 | G13: 0.07
B14: 2025-04-21 | C14: 65 | D14: 12 | E14: 0.42 | F14: 0.996 | G14: 0.05
B15: 2025-04-28 | C15: 66 | D15: 12.2 | E15: 0.41 | F15: 0.996 | G15: 0.048
B16: 2025-05-05 | C16: 64 | D16: 11.9 | E16: 0.42 | F16: 0.995 | G16: 0.055
B17: 2025-05-12 | C17: 67 | D17: 12.3 | E17: 0.41 | F17: 0.997 | G17: 0.045
B18: 2025-05-19 | C18: 68 | D18: 12.5 | E18: 0.4 | F18: 0.997 | G18: 0.042

Sheet Dashboard
B2: Operational KPI Dashboard
B3: Latest week vs Target and vs Previous Week. Updates as new data is added.
B5: Latest Week Performance
B6: KPI | C6: This Week | D6: Target | E6: vs Target | F6: Previous Week | G6: vs Last Week | H6: Status
B7: Pick Rate | C7: =LOOKUP(2,1/('Weekly Data'!C6:C33<>""),'Weekly Data'!C6:C33) -> 68 | D7: =Targets!C6 -> 65 | E7: =IFERROR((C7-D7)/D7,0) -> 0.046153846 | F7: =INDEX('Weekly Data'!C6:C33,MATCH(2,1/('Weekly Data'!C6:C33<>""))-1) -> 67 | G7: =IFERROR((C7-F7)/F7,0) -> 0.014925373 | H7: =IF(C7>=D7,"✓ On target","✗ Off target") -> ✓ On target
B8: Goods-In Throughput | C8: =LOOKUP(2,1/('Weekly Data'!D6:D33<>""),'Weekly Data'!D6:D33) -> 12.5 | D8: =Targets!C7 -> 12 | E8: =IFERROR((C8-D8)/D8,0) -> 0.041666667 | F8: =INDEX('Weekly Data'!D6:D33,MATCH(2,1/('Weekly Data'!D6:D33<>""))-1) -> 12.3 | G8: =IFERROR((C8-F8)/F8,0) -> 0.016260163 | H8: =IF(C8>=D8,"✓ On target","✗ Off target") -> ✓ On target
B9: Labour Cost / Unit | C9: =LOOKUP(2,1/('Weekly Data'!E6:E33<>""),'Weekly Data'!E6:E33) -> 0.4 | D9: =Targets!C8 -> 0.42 | E9: =IFERROR((C9-D9)/D9,0) -> -0.047619048 | F9: =INDEX('Weekly Data'!E6:E33,MATCH(2,1/('Weekly Data'!E6:E33<>""))-1) -> 0.41 | G9: =IFERROR((C9-F9)/F9,0) -> -0.024390244 | H9: =IF(C9<=D9,"✓ On target","✗ Off target") -> ✓ On target
B10: Order Accuracy | C10: =LOOKUP(2,1/('Weekly Data'!F6:F33<>""),'Weekly Data'!F6:F33) -> 0.997 | D10: =Targets!C9 -> 0.995 | E10: =IFERROR((C10-D10)/D10,0) -> 0.0020100503 | F10: =INDEX('Weekly Data'!F6:F33,MATCH(2,1/('Weekly Data'!F6:F33<>""))-1) -> 0.997 | G10: =IFERROR((C10-F10)/F10,0) -> 0 | H10: =IF(C10>=D10,"✓ On target","✗ Off target") -> ✓ On target
B11: Overtime | C11: =LOOKUP(2,1/('Weekly Data'!G6:G33<>""),'Weekly Data'!G6:G33) -> 0.042 | D11: =Targets!C10 -> 0.05 | E11: =IFERROR((C11-D11)/D11,0) -> -0.16 | F11: =INDEX('Weekly Data'!G6:G33,MATCH(2,1/('Weekly Data'!G6:G33<>""))-1) -> 0.045 | G11: =IFERROR((C11-F11)/F11,0) -> -0.066666667 | H11: =IF(C11<=D11,"✓ On target","✗ Off target") -> ✓ On target
B14: 13-Week Trend
B15: Pick Rate (units/hour) — last 13 weeks
